Tanggal,Penumpang
2019-01-01,19230
2019-01-02,20281
2019-01-03,21507
2019-01-04,19718
2019-01-05,21105
2019-01-06,19116
2019-01-07,18249
2019-01-08,15719
2019-01-09,16653
2019-01-10,17967
2019-01-11,16861
2019-01-12,18069
2019-01-13,17692
2019-01-14,16586
2019-01-15,15130
2019-01-16,15744
2019-01-17,17944
2019-01-18,16285
2019-01-19,17638
2019-01-20,17640
2019-01-21,16435
2019-01-22,14906
2019-01-23,15650
2019-01-24,17175
2019-01-25,17008
2019-01-26,17743
2019-01-27,18041
2019-01-28,17201
2019-01-29,15181
2019-01-30,15649
2019-01-31,17759
2019-02-01,16464
2019-02-02,17993
2019-02-03,16300
2019-02-04,16026
2019-02-05,16644
2019-02-06,19087
2019-02-07,19076
2019-02-08,18583
2019-02-09,19749
2019-02-10,19706
2019-02-11,20073
2019-02-12,17325
2019-02-13,16684
2019-02-14,18338
2019-02-15,18022
2019-02-16,19946
2019-02-17,19053
2019-02-18,18630
2019-02-19,16235
2019-02-20,16106
2019-02-21,17725
2019-02-22,17304
2019-02-23,19399
2019-02-24,16363
2019-02-25,18548
2019-02-26,15972
2019-02-27,16595
2019-02-28,18362
2019-03-01,17164
2019-03-02,18878
2019-03-03,18019
2019-03-04,18309
2019-03-05,17338
2019-03-06,18174
2019-03-07,3082
2019-03-08,13079
2019-03-09,16254
2019-03-10,15356
2019-03-11,14736
2019-03-12,14199
2019-03-13,14003
2019-03-14,15671
2019-03-15,16087
2019-03-16,17552
2019-03-17,17869
2019-03-18,17637
2019-03-19,15936
2019-03-20,15793
2019-03-21,16330
2019-03-22,20626
2019-03-23,18728
2019-03-24,18342
2019-03-25,18363
2019-03-26,17078
2019-03-27,16461
2019-03-28,17671
2019-03-29,17130
2019-03-30,18717
2019-03-31,19456
2019-04-01,17550
2019-04-02,15233
2019-04-03,14798
2019-04-04,14709
2019-04-05,16340
2019-04-06,17332
2019-04-07,19067
2019-04-08,17223
2019-04-09,14964
2019-04-10,15484
2019-04-11,15771
2019-04-12,17266
2019-04-13,18196
2019-04-14,18420
2019-04-15,18158
2019-04-16,16644
2019-04-17,17030
2019-04-18,18326
2019-04-19,18342
2019-04-20,18695
2019-04-21,20444
2019-04-22,20570
2019-04-23,18277
2019-04-24,18659
2019-04-25,19556
2019-04-26,20977
2019-04-27,19873
2019-04-28,21066
2019-04-29,20768
2019-04-30,18845
2019-05-01,19171
2019-05-02,20283
2019-05-03,20052
2019-05-04,20482
2019-05-05,20771
2019-05-06,20566
2019-05-07,17129
2019-05-08,16521
2019-05-09,17522
2019-05-10,17597
2019-05-11,18206
2019-05-12,18058
2019-05-13,18050
2019-05-14,16200
2019-05-15,16186
2019-05-16,17432
2019-05-17,17854
2019-05-18,18423
2019-05-19,18590
2019-05-20,19503
2019-05-21,17449
2019-05-22,17660
2019-05-23,18448
2019-05-24,18698
2019-05-25,18986
2019-05-26,19831
2019-05-27,19229
2019-05-28,17824
2019-05-29,18202
2019-05-30,18978
2019-05-31,19812
2019-06-01,18586
2019-06-02,19045
2019-06-03,18646
2019-06-04,16244
2019-06-05,16784
2019-06-06,17866
2019-06-07,19316
2019-06-08,19683
2019-06-09,20765
2019-06-10,20413
2019-06-11,17618
2019-06-12,17808
2019-06-13,17833
2019-06-14,19832
2019-06-15,19599
2019-06-16,20102
2019-06-17,19677
2019-06-18,18135
2019-06-19,18950
2019-06-20,19480
2019-06-21,20180
2019-06-22,19832
2019-06-23,21226
2019-06-24,20843
2019-06-25,19073
2019-06-26,20099
2019-06-27,20017
2019-06-28,21317
2019-06-29,21071
2019-06-30,21362
2019-07-01,16158
2019-07-02,13805
2019-07-03,13327
2019-07-04,14885
2019-07-05,16537
2019-07-06,16769
2019-07-07,19207
2019-07-08,18233
2019-07-09,15900
2019-07-10,15352
2019-07-11,15078
2019-07-12,17127
2019-07-13,17821
2019-07-14,19100
2019-07-15,16398
2019-07-16,12728
2019-07-17,12042
2019-07-18,11889
2019-07-19,13212
2019-07-20,14093
2019-07-21,16872
2019-07-22,13326
2019-07-23,11499
2019-07-24,10102
2019-07-25,12222
2019-07-26,12255
2019-07-27,13854
2019-07-28,18424
2019-07-29,16040
2019-07-30,13049
2019-07-31,12168
2019-08-01,21063
2019-08-02,21698
2019-08-03,20881
2019-08-04,21758
2019-08-05,20489
2019-08-06,19416
2019-08-07,20074
2019-08-08,21282
2019-08-09,21518
2019-08-10,22102
2019-08-11,22379
2019-08-12,21294
2019-08-13,20734
2019-08-14,21647
2019-08-15,23154
2019-08-16,22540
2019-08-17,22150
2019-08-18,22625
2019-08-19,23414
2019-08-20,20547
2019-08-21,21769
2019-08-22,22821
2019-08-23,22847
2019-08-24,22092
2019-08-25,23045
2019-08-26,22199
2019-08-27,20189
2019-08-28,21304
2019-08-29,22918
2019-08-30,22701
2019-08-31,21230
2019-09-01,21223
2019-09-02,21955
2019-09-03,18948
2019-09-04,19646
2019-09-05,20601
2019-09-06,21029
2019-09-07,20063
2019-09-08,21318
2019-09-09,21803
2019-09-10,18677
2019-09-11,19928
2019-09-12,20883
2019-09-13,21440
2019-09-14,20983
2019-09-15,21996
2019-09-16,21678
2019-09-17,19226
2019-09-18,19258
2019-09-19,21464
2019-09-20,22118
2019-09-21,21307
2019-09-22,22126
2019-09-23,21298
2019-09-24,19410
2019-09-25,20418
2019-09-26,21427
2019-09-27,21950
2019-09-28,20381
2019-09-29,21685
2019-09-30,21376
2019-10-01,18521
2019-10-02,19974
2019-10-03,21963
2019-10-04,22685
2019-10-05,21072
2019-10-06,22850
2019-10-07,21938
2019-10-08,18357
2019-10-09,20314
2019-10-10,21018
2019-10-11,21547
2019-10-12,20065
2019-10-13,21719
2019-10-14,20455
2019-10-15,18721
2019-10-16,19677
2019-10-17,20401
2019-10-18,21531
2019-10-19,20273
2019-10-20,20918
2019-10-21,20768
2019-10-22,18228
2019-10-23,18857
2019-10-24,20210
2019-10-25,20142
2019-10-26,20280
2019-10-27,21662
2019-10-28,21049
2019-10-29,19395
2019-10-30,20039
2019-10-31,20001
2019-11-01,21715
2019-11-02,20282
2019-11-03,20432
2019-11-04,19651
2019-11-05,17048
2019-11-06,17974
2019-11-07,17600
2019-11-08,19640
2019-11-09,18822
2019-11-10,20184
2019-11-11,18536
2019-11-12,16949
2019-11-13,17639
2019-11-14,17763
2019-11-15,19800
2019-11-16,19422
2019-11-17,20030
2019-11-18,18409
2019-11-19,16572
2019-11-20,17747
2019-11-21,17627
2019-11-22,19450
2019-11-23,17886
2019-11-24,19967
2019-11-25,18856
2019-11-26,16944
2019-11-27,17829
2019-11-28,17897
2019-11-29,20362
2019-11-30,20051
2019-12-01,18282
2019-12-02,13321
2019-12-03,10642
2019-12-04,11733
2019-12-05,10672
2019-12-06,13478
2019-12-07,13975
2019-12-08,18439
2019-12-09,16505
2019-12-10,10403
2019-12-11,11242
2019-12-12,12599
2019-12-13,14656
2019-12-14,13586
2019-12-15,18674
2019-12-16,14181
2019-12-17,11687
2019-12-18,13217
2019-12-19,14140
2019-12-20,14772
2019-12-21,16329
2019-12-22,17031
2019-12-23,15114
2019-12-24,14407
2019-12-25,17174
2019-12-26,15963
2019-12-27,14142
2019-12-28,16512
2019-12-29,17741
2019-12-30,15964
2019-12-31,13841
2020-01-01,20406
2020-01-02,23329
2020-01-03,23857
2020-01-04,22113
2020-01-05,22732
2020-01-06,23672
2020-01-07,19681
2020-01-08,20134
2020-01-09,20312
2020-01-10,18723
2020-01-11,19574
2020-01-12,21173
2020-01-13,19292
2020-01-14,18232
2020-01-15,19969
2020-01-16,19827
2020-01-17,20980
2020-01-18,19679
2020-01-19,21425
2020-01-20,20231
2020-01-21,17768
2020-01-22,19600
2020-01-23,20539
2020-01-24,20111
2020-01-25,19933
2020-01-26,22261
2020-01-27,22562
2020-01-28,20462
2020-01-29,20501
2020-01-30,20826
2020-01-31,20921
2020-02-01,18980
2020-02-02,17599
2020-02-03,16182
2020-02-04,13934
2020-02-05,14770
2020-02-06,14117
2020-02-07,15520
2020-02-08,14653
2020-02-09,15558
2020-02-10,14690
2020-02-11,13180
2020-02-12,13416
2020-02-13,13658
2020-02-14,15394
2020-02-15,15264
2020-02-16,15825
2020-02-17,14425
2020-02-18,13244
2020-02-19,13444
2020-02-20,13688
2020-02-21,14669
2020-02-22,14287
2020-02-23,15148
2020-02-24,15025
2020-02-25,13054
2020-02-26,13467
2020-02-27,12901
2020-02-28,15200
2020-02-29,14407
2020-03-01,14151
2020-03-02,13179
2020-03-03,11635
2020-03-04,11721
2020-03-05,10723
2020-03-06,11949
2020-03-07,12383
2020-03-08,13841
2020-03-09,12715
2020-03-10,11088
2020-03-11,10967
2020-03-12,10867
2020-03-13,12368
2020-03-14,12303
2020-03-15,12898
2020-03-16,12803
2020-03-17,11127
2020-03-18,11220
2020-03-19,10218
2020-03-20,11150
2020-03-21,8713
2020-03-22,6409
2020-03-23,4894
2020-03-24,2699
2020-03-25,1108
2020-03-26,1575
2020-03-27,2686
2020-03-28,2607
2020-03-29,2312
2020-03-30,1761
2020-03-31,1359
2020-04-01,370
2020-04-02,777
2020-04-03,448
2020-04-04,311
2020-04-05,387
2020-04-06,267
2020-04-07,390
2020-04-08,517
2020-04-09,489
2020-04-10,324
2020-04-11,213
2020-04-12,324
2020-04-13,137
2020-04-14,102
2020-04-15,532
2020-04-16,0
2020-04-17,163
2020-04-18,368
2020-04-19,0
2020-04-20,0
2020-04-21,0
2020-04-22,63
2020-04-23,107
2020-04-24,505
2020-04-25,52
2020-04-26,157
2020-04-27,0
2020-04-28,2
2020-04-29,13
2020-04-30,0
2020-05-01,0
2020-05-02,0
2020-05-03,397
2020-05-04,0
2020-05-05,0
2020-05-06,0
2020-05-07,0
2020-05-08,157
2020-05-09,0
2020-05-10,12
2020-05-11,339
2020-05-12,0
2020-05-13,0
2020-05-14,11
2020-05-15,22
2020-05-16,0
2020-05-17,13
2020-05-18,0
2020-05-19,180
2020-05-20,0
2020-05-21,0
2020-05-22,0
2020-05-23,41
2020-05-24,9
2020-05-25,394
2020-05-26,13
2020-05-27,0
2020-05-28,19
2020-05-29,17
2020-05-30,0
2020-05-31,21
2020-06-01,7
2020-06-02,5
2020-06-03,1
2020-06-04,0
2020-06-05,0
2020-06-06,0
2020-06-07,0
2020-06-08,0
2020-06-09,2
2020-06-10,0
2020-06-11,0
2020-06-12,0
2020-06-13,0
2020-06-14,460
2020-06-15,5
2020-06-16,4
2020-06-17,0
2020-06-18,126
2020-06-19,0
2020-06-20,0
2020-06-21,2
2020-06-22,0
2020-06-23,0
2020-06-24,0
2020-06-25,0
2020-06-26,0
2020-06-27,0
2020-06-28,0
2020-06-29,1
2020-06-30,264
2020-07-01,172
2020-07-02,174
2020-07-03,0
2020-07-04,188
2020-07-05,134
2020-07-06,0
2020-07-07,93
2020-07-08,0
2020-07-09,101
2020-07-10,0
2020-07-11,117
2020-07-12,0
2020-07-13,318
2020-07-14,126
2020-07-15,0
2020-07-16,148
2020-07-17,0
2020-07-18,0
2020-07-19,103
2020-07-20,16
2020-07-21,1
2020-07-22,18
2020-07-23,129
2020-07-24,7
2020-07-25,0
2020-07-26,136
2020-07-27,0
2020-07-28,0
2020-07-29,11
2020-07-30,125
2020-07-31,0
2020-08-01,105
2020-08-02,177
2020-08-03,51
2020-08-04,0
2020-08-05,149
2020-08-06,120
2020-08-07,47
2020-08-08,111
2020-08-09,170
2020-08-10,15
2020-08-11,0
2020-08-12,1
2020-08-13,0
2020-08-14,10
2020-08-15,0
2020-08-16,8
2020-08-17,8
2020-08-18,11
2020-08-19,7
2020-08-20,17
2020-08-21,1
2020-08-22,15
2020-08-23,39
2020-08-24,311
2020-08-25,5
2020-08-26,67
2020-08-27,0
2020-08-28,10
2020-08-29,4
2020-08-30,0
2020-08-31,2
2020-09-01,0
2020-09-02,11
2020-09-03,0
2020-09-04,11
2020-09-05,13
2020-09-06,23
2020-09-07,2
2020-09-08,0
2020-09-09,1
2020-09-10,0
2020-09-11,0
2020-09-12,5
2020-09-13,13
2020-09-14,0
2020-09-15,0
2020-09-16,0
2020-09-17,24
2020-09-18,0
2020-09-19,0
2020-09-20,0
2020-09-21,6
2020-09-22,4
2020-09-23,10
2020-09-24,0
2020-09-25,240
2020-09-26,18
2020-09-27,10
2020-09-28,0
2020-09-29,15
2020-09-30,0
2020-10-01,0
2020-10-02,0
2020-10-03,0
2020-10-04,15
2020-10-05,0
2020-10-06,0
2020-10-07,0
2020-10-08,0
2020-10-09,3
2020-10-10,0
2020-10-11,0
2020-10-12,0
2020-10-13,8
2020-10-14,0
2020-10-15,0
2020-10-16,0
2020-10-17,0
2020-10-18,7
2020-10-19,0
2020-10-20,4
2020-10-21,0
2020-10-22,0
2020-10-23,1
2020-10-24,0
2020-10-25,7
2020-10-26,0
2020-10-27,0
2020-10-28,20
2020-10-29,0
2020-10-30,4
2020-10-31,24
2020-11-01,101
2020-11-02,33
2020-11-03,38
2020-11-04,12
2020-11-05,0
2020-11-06,0
2020-11-07,1
2020-11-08,13
2020-11-09,0
2020-11-10,0
2020-11-11,0
2020-11-12,0
2020-11-13,2
2020-11-14,0
2020-11-15,4
2020-11-16,0
2020-11-17,0
2020-11-18,13
2020-11-19,0
2020-11-20,0
2020-11-21,11
2020-11-22,19
2020-11-23,0
2020-11-24,0
2020-11-25,0
2020-11-26,11
2020-11-27,0
2020-11-28,12
2020-11-29,0
2020-11-30,3
2020-12-01,0
2020-12-02,0
2020-12-03,0
2020-12-04,6
2020-12-05,6
2020-12-06,2
2020-12-07,0
2020-12-08,0
2020-12-09,0
2020-12-10,0
2020-12-11,0
2020-12-12,0
2020-12-13,0
2020-12-14,2
2020-12-15,12
2020-12-16,0
2020-12-17,6
2020-12-18,1
2020-12-19,10
2020-12-20,21
2020-12-21,12
2020-12-22,12
2020-12-23,4
2020-12-24,3
2020-12-25,30
2020-12-26,15
2020-12-27,6
2020-12-28,27
2020-12-29,10
2020-12-30,11
2020-12-31,0
2021-01-01,2
2021-01-02,28
2021-01-03,82
2021-01-04,0
2021-01-05,0
2021-01-06,0
2021-01-07,15
2021-01-08,0
2021-01-09,7
2021-01-10,1
2021-01-11,3
2021-01-12,5
2021-01-13,0
2021-01-14,0
2021-01-15,0
2021-01-16,0
2021-01-17,5
2021-01-18,0
2021-01-19,0
2021-01-20,0
2021-01-21,4
2021-01-22,0
2021-01-23,0
2021-01-24,0
2021-01-25,0
2021-01-26,0
2021-01-27,6
2021-01-28,20
2021-01-29,0
2021-01-30,12
2021-01-31,8
2021-02-01,0
2021-02-02,4
2021-02-03,0
2021-02-04,0
2021-02-05,0
2021-02-06,0
2021-02-07,0
2021-02-08,1
2021-02-09,0
2021-02-10,0
2021-02-11,0
2021-02-12,0
2021-02-13,37
2021-02-14,5
2021-02-15,0
2021-02-16,0
2021-02-17,0
2021-02-18,2
2021-02-19,0
2021-02-20,0
2021-02-21,0
2021-02-22,14
2021-02-23,5
2021-02-24,5
2021-02-25,0
2021-02-26,0
2021-02-27,0
2021-02-28,0
2021-03-01,17
2021-03-02,0
2021-03-03,0
2021-03-04,0
2021-03-05,0
2021-03-06,0
2021-03-07,12
2021-03-08,19
2021-03-09,7
2021-03-10,0
2021-03-11,3
2021-03-12,0
2021-03-13,0
2021-03-14,0
2021-03-15,4
2021-03-16,0
2021-03-17,14
2021-03-18,0
2021-03-19,0
2021-03-20,3
2021-03-21,13
2021-03-22,2
2021-03-23,0
2021-03-24,23
2021-03-25,16
2021-03-26,4
2021-03-27,0
2021-03-28,15
2021-03-29,48
2021-03-30,0
2021-03-31,0
2021-04-01,0
2021-04-02,0
2021-04-03,0
2021-04-04,0
2021-04-05,10
2021-04-06,0
2021-04-07,0
2021-04-08,0
2021-04-09,0
2021-04-10,0
2021-04-11,16
2021-04-12,3
2021-04-13,0
2021-04-14,0
2021-04-15,0
2021-04-16,12
2021-04-17,0
2021-04-18,0
2021-04-19,11
2021-04-20,5
2021-04-21,12
2021-04-22,0
2021-04-23,2
2021-04-24,0
2021-04-25,0
2021-04-26,8
2021-04-27,0
2021-04-28,0
2021-04-29,0
2021-04-30,0
2021-05-01,0
2021-05-02,1
2021-05-03,0
2021-05-04,13
2021-05-05,10
2021-05-06,0
2021-05-07,0
2021-05-08,10
2021-05-09,11
2021-05-10,19
2021-05-11,0
2021-05-12,7
2021-05-13,0
2021-05-14,0
2021-05-15,0
2021-05-16,16
2021-05-17,18
2021-05-18,0
2021-05-19,6
2021-05-20,10
2021-05-21,2
2021-05-22,3
2021-05-23,23
2021-05-24,18
2021-05-25,0
2021-05-26,11
2021-05-27,0
2021-05-28,0
2021-05-29,0
2021-05-30,19
2021-05-31,0
2021-06-01,13
2021-06-02,12
2021-06-03,0
2021-06-04,8
2021-06-05,8
2021-06-06,11
2021-06-07,12
2021-06-08,15
2021-06-09,2
2021-06-10,0
2021-06-11,0
2021-06-12,17
2021-06-13,1
2021-06-14,6
2021-06-15,1
2021-06-16,6
2021-06-17,14
2021-06-18,15
2021-06-19,27
2021-06-20,24
2021-06-21,0
2021-06-22,0
2021-06-23,3
2021-06-24,3
2021-06-25,0
2021-06-26,16
2021-06-27,21
2021-06-28,41
2021-06-29,286
2021-06-30,15
2021-07-01,0
2021-07-02,8
2021-07-03,1
2021-07-04,9
2021-07-05,3
2021-07-06,5
2021-07-07,5
2021-07-08,0
2021-07-09,0
2021-07-10,2
2021-07-11,24
2021-07-12,0
2021-07-13,13
2021-07-14,0
2021-07-15,0
2021-07-16,11
2021-07-17,0
2021-07-18,9
2021-07-19,9
2021-07-20,1
2021-07-21,11
2021-07-22,8
2021-07-23,0
2021-07-24,0
2021-07-25,0
2021-07-26,9
2021-07-27,0
2021-07-28,0
2021-07-29,25
2021-07-30,0
2021-07-31,6
2021-08-01,4
2021-08-02,0
2021-08-03,39
2021-08-04,1
2021-08-05,0
2021-08-06,8
2021-08-07,0
2021-08-08,10
2021-08-09,8
2021-08-10,9
2021-08-11,0
2021-08-12,11
2021-08-13,15
2021-08-14,25
2021-08-15,28
2021-08-16,0
2021-08-17,0
2021-08-18,187
2021-08-19,0
2021-08-20,10
2021-08-21,10
2021-08-22,4
2021-08-23,3
2021-08-24,10
2021-08-25,18
2021-08-26,0
2021-08-27,0
2021-08-28,6
2021-08-29,7
2021-08-30,0
2021-08-31,6
2021-09-01,18
2021-09-02,0
2021-09-03,18
2021-09-04,0
2021-09-05,32
2021-09-06,0
2021-09-07,0
2021-09-08,0
2021-09-09,0
2021-09-10,0
2021-09-11,0
2021-09-12,21
2021-09-13,25
2021-09-14,0
2021-09-15,14
2021-09-16,12
2021-09-17,0
2021-09-18,0
2021-09-19,185
2021-09-20,22
2021-09-21,12
2021-09-22,8
2021-09-23,11
2021-09-24,6
2021-09-25,0
2021-09-26,13
2021-09-27,8
2021-09-28,0
2021-09-29,4
2021-09-30,8
2021-10-01,59
2021-10-02,0
2021-10-03,0
2021-10-04,18
2021-10-05,13
2021-10-06,0
2021-10-07,0
2021-10-08,0
2021-10-09,0
2021-10-10,9
2021-10-11,13
2021-10-12,0
2021-10-13,0
2021-10-14,24
2021-10-15,5
2021-10-16,0
2021-10-17,12
2021-10-18,0
2021-10-19,0
2021-10-20,21
2021-10-21,0
2021-10-22,5
2021-10-23,9
2021-10-24,0
2021-10-25,2
2021-10-26,0
2021-10-27,8
2021-10-28,11
2021-10-29,2
2021-10-30,7
2021-10-31,22
2021-11-01,6
2021-11-02,0
2021-11-03,0
2021-11-04,0
2021-11-05,0
2021-11-06,0
2021-11-07,0
2021-11-08,22
2021-11-09,0
2021-11-10,4
2021-11-11,5
2021-11-12,5
2021-11-13,2
2021-11-14,16
2021-11-15,14
2021-11-16,0
2021-11-17,0
2021-11-18,0
2021-11-19,8
2021-11-20,0
2021-11-21,9
2021-11-22,0
2021-11-23,0
2021-11-24,1
2021-11-25,0
2021-11-26,2
2021-11-27,5
2021-11-28,33
2021-11-29,10
2021-11-30,0
2021-12-01,4
2021-12-02,4
2021-12-03,0
2021-12-04,32
2021-12-05,28
2021-12-06,15
2021-12-07,18
2021-12-08,10
2021-12-09,6
2021-12-10,15
2021-12-11,6
2021-12-12,5
2021-12-13,14
2021-12-14,15
2021-12-15,0
2021-12-16,21
2021-12-17,7
2021-12-18,8
2021-12-19,15
2021-12-20,4
2021-12-21,0
2021-12-22,7
2021-12-23,20
2021-12-24,8
2021-12-25,0
2021-12-26,0
2021-12-27,11
2021-12-28,2
2021-12-29,17
2021-12-30,21
2021-12-31,7
2022-01-01,35
2022-01-02,53
2022-01-03,84
2022-01-04,28
2022-01-05,48
2022-01-06,0
2022-01-07,21
2022-01-08,38
2022-01-09,10
2022-01-10,0
2022-01-11,0
2022-01-12,33
2022-01-13,9
2022-01-14,0
2022-01-15,0
2022-01-16,45
2022-01-17,3
2022-01-18,9
2022-01-19,14
2022-01-20,3
2022-01-21,0
2022-01-22,0
2022-01-23,24
2022-01-24,19
2022-01-25,11
2022-01-26,2
2022-01-27,0
2022-01-28,0
2022-01-29,0
2022-01-30,16
2022-01-31,13
2022-02-01,0
2022-02-02,9
2022-02-03,14
2022-02-04,0
2022-02-05,0
2022-02-06,5
2022-02-07,0
2022-02-08,0
2022-02-09,4
2022-02-10,0
2022-02-11,0
2022-02-12,0
2022-02-13,0
2022-02-14,0
2022-02-15,0
2022-02-16,61
2022-02-17,36
2022-02-18,59
2022-02-19,71
2022-02-20,42
2022-02-21,49
2022-02-22,102
2022-02-23,80
2022-02-24,53
2022-02-25,164
2022-02-26,126
2022-02-27,64
2022-02-28,89
2022-03-01,128
2022-03-02,83
2022-03-03,0
2022-03-04,77
2022-03-05,120
2022-03-06,123
2022-03-07,91
2022-03-08,111
2022-03-09,105
2022-03-10,125
2022-03-11,127
2022-03-12,177
2022-03-13,141
2022-03-14,337
2022-03-15,273
2022-03-16,379
2022-03-17,213
2022-03-18,302
2022-03-19,524
2022-03-20,541
2022-03-21,534
2022-03-22,361
2022-03-23,541
2022-03-24,460
2022-03-25,755
2022-03-26,927
2022-03-27,683
2022-03-28,923
2022-03-29,729
2022-03-30,721
2022-03-31,842
2022-04-01,909
2022-04-02,837
2022-04-03,"1,169"
2022-04-04,928
2022-04-05,"1,003"
2022-04-06,681
2022-04-07,997
2022-04-08,"1,164"
2022-04-09,944
2022-04-10,"1,410"
2022-04-11,"1,480"
2022-04-12,"1,320"
2022-04-13,990
2022-04-14,"1,574"
2022-04-15,"1,569"
2022-04-16,"1,697"
2022-04-17,"2,075"
2022-04-18,"2,218"
2022-04-19,"2,126"
2022-04-20,"1,599"
2022-04-21,"1,754"
2022-04-22,"2,535"
2022-04-23,"2,021"
2022-04-24,"2,011"
2022-04-25,"2,584"
2022-04-26,"2,624"
2022-04-27,"1,570"
2022-04-28,"2,347"
2022-04-29,"1,815"
2022-04-30,"1,972"
2022-05-01,"2,618"
2022-05-02,"3,154"
2022-05-03,"3,515"
2022-05-04,"2,439"
2022-05-05,"3,231"
2022-05-06,"2,878"
2022-05-07,"3,216"
2022-05-08,"3,234"
2022-05-09,"3,746"
2022-05-10,"3,406"
2022-05-11,"2,509"
2022-05-12,"2,921"
2022-05-13,"3,071"
2022-05-14,"3,644"
2022-05-15,"3,047"
2022-05-16,"4,133"
2022-05-17,"4,384"
2022-05-18,"2,846"
2022-05-19,"3,885"
2022-05-20,"3,294"
2022-05-21,"4,583"
2022-05-22,"3,159"
2022-05-23,"4,573"
2022-05-24,"4,703"
2022-05-25,"2,969"
2022-05-26,"4,354"
2022-05-27,"3,643"
2022-05-28,"4,492"
2022-05-29,"3,729"
2022-05-30,"4,483"
2022-05-31,"4,113"
2022-06-01,"4,082"
2022-06-02,"3,927"
2022-06-03,"4,857"
2022-06-04,"4,684"
2022-06-05,"4,559"
2022-06-06,"5,172"
2022-06-07,"5,655"
2022-06-08,"4,343"
2022-06-09,"4,597"
2022-06-10,"5,031"
2022-06-11,"5,893"
2022-06-12,"5,155"
2022-06-13,"6,596"
2022-06-14,"5,536"
2022-06-15,"5,024"
2022-06-16,"5,520"
2022-06-17,"6,040"
2022-06-18,"5,973"
2022-06-19,"5,222"
2022-06-20,"7,119"
2022-06-21,"6,576"
2022-06-22,"5,672"
2022-06-23,"5,497"
2022-06-24,"6,489"
2022-06-25,"6,682"
2022-06-26,"7,136"
2022-06-27,"7,301"
2022-06-28,"6,718"
2022-06-29,"6,922"
2022-06-30,"6,778"
2022-07-01,"6,607"
2022-07-02,"7,055"
2022-07-03,"7,182"
2022-07-04,"7,390"
2022-07-05,"7,090"
2022-07-06,"7,284"
2022-07-07,"7,402"
2022-07-08,"7,862"
2022-07-09,"7,102"
2022-07-10,"7,772"
2022-07-11,"9,094"
2022-07-12,"7,685"
2022-07-13,"7,810"
2022-07-14,"8,129"
2022-07-15,"8,007"
2022-07-16,"8,171"
2022-07-17,"8,992"
2022-07-18,"8,754"
2022-07-19,"8,483"
2022-07-20,"8,487"
2022-07-21,"7,834"
2022-07-22,"8,370"
2022-07-23,"7,925"
2022-07-24,"9,370"
2022-07-25,"9,063"
2022-07-26,"8,401"
2022-07-27,"8,144"
2022-07-28,"8,589"
2022-07-29,"8,488"
2022-07-30,"8,619"
2022-07-31,"9,476"
2022-08-01,"9,253"
2022-08-02,"8,824"
2022-08-03,"7,414"
2022-08-04,"9,055"
2022-08-05,"8,161"
2022-08-06,"9,807"
2022-08-07,"9,078"
2022-08-08,"9,084"
2022-08-09,"10,146"
2022-08-10,"8,587"
2022-08-11,"8,551"
2022-08-12,"9,252"
2022-08-13,"9,717"
2022-08-14,"10,227"
2022-08-15,"9,738"
2022-08-16,"10,356"
2022-08-17,"9,057"
2022-08-18,"9,550"
2022-08-19,"9,780"
2022-08-20,"10,647"
2022-08-21,"9,817"
2022-08-22,"10,101"
2022-08-23,"11,181"
2022-08-24,"9,388"
2022-08-25,"9,991"
2022-08-26,"10,261"
2022-08-27,"9,803"
2022-08-28,"10,408"
2022-08-29,"11,354"
2022-08-30,"10,577"
2022-08-31,"8,632"
2022-09-01,"8,741"
2022-09-02,"9,957"
2022-09-03,"10,348"
2022-09-04,"10,535"
2022-09-05,"10,277"
2022-09-06,"10,078"
2022-09-07,"9,867"
2022-09-08,"10,663"
2022-09-09,"9,413"
2022-09-10,"10,171"
2022-09-11,"11,166"
2022-09-12,"10,497"
2022-09-13,"10,011"
2022-09-14,"10,610"
2022-09-15,"9,444"
2022-09-16,"10,054"
2022-09-17,"10,079"
2022-09-18,"11,570"
2022-09-19,"11,034"
2022-09-20,"10,387"
2022-09-21,"10,822"
2022-09-22,"10,703"
2022-09-23,"9,906"
2022-09-24,"10,397"
2022-09-25,"11,829"
2022-09-26,"10,648"
2022-09-27,"11,206"
2022-09-28,"10,164"
2022-09-29,"11,405"
2022-09-30,"10,144"
2022-10-01,"11,215"
2022-10-02,"10,360"
2022-10-03,"10,082"
2022-10-04,"12,209"
2022-10-05,"10,232"
2022-10-06,"9,754"
2022-10-07,"10,307"
2022-10-08,"10,710"
2022-10-09,"10,925"
2022-10-10,"12,375"
2022-10-11,"10,257"
2022-10-12,"9,365"
2022-10-13,"10,415"
2022-10-14,"10,722"
2022-10-15,"10,018"
2022-10-16,"12,325"
2022-10-17,"10,930"
2022-10-18,"10,464"
2022-10-19,"10,318"
2022-10-20,"10,882"
2022-10-21,"11,574"
2022-10-22,"10,715"
2022-10-23,"11,701"
2022-10-24,"11,304"
2022-10-25,"10,593"
2022-10-26,"11,104"
2022-10-27,"10,748"
2022-10-28,"10,900"
2022-10-29,"10,983"
2022-10-30,"11,953"
2022-10-31,"11,966"
2022-11-01,"10,341"
2022-11-02,"11,292"
2022-11-03,"9,944"
2022-11-04,"10,509"
2022-11-05,"11,288"
2022-11-06,"12,225"
2022-11-07,"9,776"
2022-11-08,"10,349"
2022-11-09,"9,303"
2022-11-10,"10,001"
2022-11-11,"9,949"
2022-11-12,"10,943"
2022-11-13,"9,655"
2022-11-14,"9,966"
2022-11-15,"11,539"
2022-11-16,"9,103"
2022-11-17,"9,057"
2022-11-18,"10,505"
2022-11-19,"9,447"
2022-11-20,"11,942"
2022-11-21,"10,166"
2022-11-22,"10,104"
2022-11-23,"9,429"
2022-11-24,"10,635"
2022-11-25,"10,902"
2022-11-26,"11,410"
2022-11-27,"12,950"
2022-11-28,"10,704"
2022-11-29,"11,758"
2022-11-30,"10,994"
2022-12-01,"10,328"
2022-12-02,"10,474"
2022-12-03,"10,833"
2022-12-04,"11,793"
2022-12-05,"10,751"
2022-12-06,"10,885"
2022-12-07,"9,415"
2022-12-08,"10,370"
2022-12-09,"11,689"
2022-12-10,"10,935"
2022-12-11,"12,043"
2022-12-12,"11,823"
2022-12-13,"10,830"
2022-12-14,"11,552"
2022-12-15,"11,402"
2022-12-16,"12,720"
2022-12-17,"11,928"
2022-12-18,"12,121"
2022-12-19,"11,335"
2022-12-20,"12,335"
2022-12-21,"10,625"
2022-12-22,"12,156"
2022-12-23,"11,314"
2022-12-24,"11,412"
2022-12-25,"10,288"
2022-12-26,"11,890"
2022-12-27,"12,346"
2022-12-28,"12,003"
2022-12-29,"12,805"
2022-12-30,"13,944"
2022-12-31,"12,264"
2023-01-01,12870
2023-01-02,14398
2023-01-03,15832
2023-01-04,14543
2023-01-05,14960
2023-01-06,14479
2023-01-07,14565
2023-01-08,14240
2023-01-09,13592
2023-01-10,12630
2023-01-11,11640
2023-01-12,11957
2023-01-13,12448
2023-01-14,12245
2023-01-15,12204
2023-01-16,12181
2023-01-17,10935
2023-01-18,10473
2023-01-19,10986
2023-01-20,10475
2023-01-21,11133
2023-01-22,11891
2023-01-23,12683
2023-01-24,13267
2023-01-25,13315
2023-01-26,14706
2023-01-27,14229
2023-01-28,14243
2023-01-29,15697
2023-01-30,13050
2023-01-31,12098
2023-02-01,10196
2023-02-02,11232
2023-02-03,11026
2023-02-04,12154
2023-02-05,11837
2023-02-06,12173
2023-02-07,10084
2023-02-08,10602
2023-02-09,10777
2023-02-10,12683
2023-02-11,12275
2023-02-12,13372
2023-02-13,12578
2023-02-14,11743
2023-02-15,11358
2023-02-16,12165
2023-02-17,11823
2023-02-18,13539
2023-02-19,13916
2023-02-20,12963
2023-02-21,11798
2023-02-22,12114
2023-02-23,12701
2023-02-24,12704
2023-02-25,13863
2023-02-26,14383
2023-02-27,14124
2023-02-28,13375
2023-03-01,12132
2023-03-02,11545
2023-03-03,12188
2023-03-04,13409
2023-03-05,14394
2023-03-06,13069
2023-03-07,12777
2023-03-08,11184
2023-03-09,12091
2023-03-10,12563
2023-03-11,13440
2023-03-12,14766
2023-03-13,13479
2023-03-14,13600
2023-03-15,13328
2023-03-16,13154
2023-03-17,14739
2023-03-18,15504
2023-03-19,16379
2023-03-20,15147
2023-03-21,14873
2023-03-22,1638
2023-03-23,10970
2023-03-24,12131
2023-03-25,12404
2023-03-26,12624
2023-03-27,11875
2023-03-28,12054
2023-03-29,11098
2023-03-30,11331
2023-03-31,13312
2023-04-01,11577
2023-04-02,13906
2023-04-03,11553
2023-04-04,11781
2023-04-05,12030
2023-04-06,11764
2023-04-07,14374
2023-04-08,13876
2023-04-09,16009
2023-04-10,16178
2023-04-11,14357
2023-04-12,13903
2023-04-13,13658
2023-04-14,15610
2023-04-15,15036
2023-04-16,16705
2023-04-17,14754
2023-04-18,14560
2023-04-19,14651
2023-04-20,15023
2023-04-21,15445
2023-04-22,14088
2023-04-23,16167
2023-04-24,16095
2023-04-25,14522
2023-04-26,13956
2023-04-27,14141
2023-04-28,14737
2023-04-29,14740
2023-04-30,16407
2023-05-01,15729
2023-05-02,15011
2023-05-03,14750
2023-05-04,14524
2023-05-05,15776
2023-05-06,14828
2023-05-07,17036
2023-05-08,15721
2023-05-09,13332
2023-05-10,13565
2023-05-11,13801
2023-05-12,16093
2023-05-13,15006
2023-05-14,16683
2023-05-15,14993
2023-05-16,14074
2023-05-17,14631
2023-05-18,14230
2023-05-19,15624
2023-05-20,15153
2023-05-21,16418
2023-05-22,16076
2023-05-23,14774
2023-05-24,14633
2023-05-25,14898
2023-05-26,15887
2023-05-27,15723
2023-05-28,17492
2023-05-29,16939
2023-05-30,15761
2023-05-31,15757
2023-06-01,"15,343"
2023-06-02,"16,021"
2023-06-03,"15,530"
2023-06-04,"18,132"
2023-06-05,"16,902"
2023-06-06,"15,052"
2023-06-07,"14,953"
2023-06-08,"16,170"
2023-06-09,"16,463"
2023-06-10,"15,773"
2023-06-11,"17,473"
2023-06-12,"16,281"
2023-06-13,"15,862"
2023-06-14,"15,585"
2023-06-15,"16,692"
2023-06-16,"17,411"
2023-06-17,"16,597"
2023-06-18,"18,521"
2023-06-19,"16,963"
2023-06-20,"16,163"
2023-06-21,"16,740"
2023-06-22,"16,974"
2023-06-23,"17,087"
2023-06-24,"16,769"
2023-06-25,"17,999"
2023-06-26,"17,033"
2023-06-27,"16,347"
2023-06-28,"16,742"
2023-06-29,"17,952"
2023-06-30,"18,396"
2023-07-01,17083
2023-07-02,18881
2023-07-03,17776
2023-07-04,16786
2023-07-05,16465
2023-07-06,16193
2023-07-07,17717
2023-07-08,16754
2023-07-09,18933
2023-07-10,17924
2023-07-11,16377
2023-07-12,16710
2023-07-13,16670
2023-07-14,18563
2023-07-15,17698
2023-07-16,19292
2023-07-17,18853
2023-07-18,18046
2023-07-19,17288
2023-07-20,18409
2023-07-21,18509
2023-07-22,18122
2023-07-23,19667
2023-07-24,18979
2023-07-25,18325
2023-07-26,17328
2023-07-27,18885
2023-07-28,18912
2023-07-29,19260
2023-07-30,19778
2023-07-31,19702
2023-08-01,"17,833"
2023-08-02,"17,674"
2023-08-03,"18,069"
2023-08-04,"17,956"
2023-08-05,"18,141"
2023-08-06,"19,288"
2023-08-07,"18,049"
2023-08-08,"17,387"
2023-08-09,"17,678"
2023-08-10,"18,173"
2023-08-11,"19,523"
2023-08-12,"18,286"
2023-08-13,"20,215"
2023-08-14,"19,246"
2023-08-15,"18,800"
2023-08-16,"18,650"
2023-08-17,"18,357"
2023-08-18,"20,167"
2023-08-19,"18,641"
2023-08-20,"20,725"
2023-08-21,"19,457"
2023-08-22,"18,406"
2023-08-23,"17,983"
2023-08-24,"19,167"
2023-08-25,"19,410"
2023-08-26,"18,893"
2023-08-27,"21,034"
2023-08-28,"19,185"
2023-08-29,"18,170"
2023-08-30,"18,165"
2023-08-31,"18,766"
2023-09-01,"18,033"
2023-09-02,"18,378"
2023-09-03,"19,623"
2023-09-04,"18,092"
2023-09-05,"17,217"
2023-09-06,"16,439"
2023-09-07,"17,509"
2023-09-08,"17,155"
2023-09-09,"17,965"
2023-09-10,"19,148"
2023-09-11,"17,566"
2023-09-12,"17,229"
2023-09-13,"15,815"
2023-09-14,"17,275"
2023-09-15,"17,111"
2023-09-16,"18,574"
2023-09-17,"18,670"
2023-09-18,"18,132"
2023-09-19,"17,210"
2023-09-20,"17,105"
2023-09-21,"18,206"
2023-09-22,"18,762"
2023-09-23,"17,395"
2023-09-24,"20,199"
2023-09-25,"19,364"
2023-09-26,"18,506"
2023-09-27,"19,000"
2023-09-28,"19,035"
2023-09-29,"18,788"
2023-09-30,"18,957"
2023-10-01,"20,257"
2023-10-02,"19,506"
2023-10-03,"18,468"
2023-10-04,"18,286"
2023-10-05,"18,818"
2023-10-06,"19,314"
2023-10-07,"18,548"
2023-10-08,"20,241"
2023-10-09,"18,402"
2023-10-10,"17,396"
2023-10-11,"16,718"
2023-10-12,"17,032"
2023-10-13,"16,489"
2023-10-14,"17,488"
2023-10-15,"19,360"
2023-10-16,"16,705"
2023-10-17,"16,079"
2023-10-18,"15,454"
2023-10-19,"16,704"
2023-10-20,"17,200"
2023-10-21,"17,117"
2023-10-22,"19,581"
2023-10-23,"16,926"
2023-10-24,"15,950"
2023-10-25,"16,064"
2023-10-26,"16,989"
2023-10-27,"17,120"
2023-10-28,"16,652"
2023-10-29,"18,783"
2023-10-30,"17,382"
2023-10-31,"15,839"
2023-11-01,"15,466"
2023-11-02,"14,430"
2023-11-03,"15,775"
2023-11-04,"16,344"
2023-11-05,"17,164"
2023-11-06,"15,948"
2023-11-07,"14,446"
2023-11-08,"14,045"
2023-11-09,"13,544"
2023-11-10,"14,652"
2023-11-11,"15,280"
2023-11-12,"16,329"
2023-11-13,"16,655"
2023-11-14,"15,346"
2023-11-15,"13,866"
2023-11-16,"14,715"
2023-11-17,"14,435"
2023-11-18,"16,088"
2023-11-19,"16,875"
2023-11-20,"15,685"
2023-11-21,"15,123"
2023-11-22,"14,606"
2023-11-23,"14,475"
2023-11-24,"15,869"
2023-11-25,"16,156"
2023-11-26,"16,943"
2023-11-27,"16,210"
2023-11-28,"14,276"
2023-11-29,"14,471"
2023-11-30,"15,038"
2023-12-01,"15,372"
2023-12-02,"14,516"
2023-12-03,"16,336"
2023-12-04,"14,272"
2023-12-05,"14,259"
2023-12-06,"13,225"
2023-12-07,"13,967"
2023-12-08,"14,100"
2023-12-09,"15,157"
2023-12-10,"17,211"
2023-12-11,"16,507"
2023-12-12,"15,880"
2023-12-13,"14,145"
2023-12-14,"14,613"
2023-12-15,"15,031"
2023-12-16,"15,597"
2023-12-17,"16,446"
2023-12-18,"15,143"
2023-12-19,"14,836"
2023-12-20,"15,089"
2023-12-21,"15,567"
2023-12-22,"16,074"
2023-12-23,"16,421"
2023-12-24,"13,923"
2023-12-25,"13,027"
2023-12-26,"14,262"
2023-12-27,"15,762"
2023-12-28,"15,338"
2023-12-29,"15,841"
2023-12-30,"19,337"
2023-12-31,"17,504"
2024-01-01,"18,990"
2024-01-02,"19,961"
2024-01-03,"20,874"
2024-01-04,"18,969"
2024-01-05,"19,964"
2024-01-06,"18,471"
2024-01-07,"19,417"
2024-01-08,"18,309"
2024-01-09,"16,386"
2024-01-10,"16,128"
2024-01-11,"15,833"
2024-01-12,"16,384"
2024-01-13,"16,153"
2024-01-14,"17,733"
2024-01-15,"15,571"
2024-01-16,"14,870"
2024-01-17,"14,025"
2024-01-18,"14,309"
2024-01-19,"16,143"
2024-01-20,"15,821"
2024-01-21,"17,685"
2024-01-22,"15,681"
2024-01-23,"14,478"
2024-01-24,"14,780"
2024-01-25,"15,073"
2024-01-26,"17,604"
2024-01-27,"16,442"
2024-01-28,"19,504"
2024-01-29,"17,355"
2024-01-30,"15,686"
2024-01-31,"16,067"
2024-02-01,"14,609"
2024-02-02,"16,080"
2024-02-03,"15,576"
2024-02-04,"16,903"
2024-02-05,"15,405"
2024-02-06,"14,113"
2024-02-07,"14,411"
2024-02-08,"14,607"
2024-02-09,"14,595"
2024-02-10,"15,585"
2024-02-11,"18,231"
2024-02-12,"18,485"
2024-02-13,"17,133"
2024-02-14,"18,221"
2024-02-15,"17,871"
2024-02-16,"19,819"
2024-02-17,"17,748"
2024-02-18,"20,221"
2024-02-19,"18,692"
2024-02-20,"17,232"
2024-02-21,"16,303"
2024-02-22,"16,316"
2024-02-23,"17,675"
2024-02-24,"17,585"
2024-02-25,"19,612"
2024-02-26,"18,151"
2024-02-27,"17,036"
2024-02-28,"17,090"
2024-02-29,"16,629"
2024-03-01,"17,415"
2024-03-02,"16,649"
2024-03-03,"18,554"
2024-03-04,"16,589"
2024-03-05,"15,538"
2024-03-06,"15,460"
2024-03-07,"15,962"
2024-03-08,"17,221"
2024-03-09,"18,746"
2024-03-10,"19,170"
2024-03-11,"2,155"
2024-03-12,"13,292"
2024-03-13,"14,143"
2024-03-14,"13,602"
2024-03-15,"14,387"
2024-03-16,"15,028"
2024-03-17,"16,860"
2024-03-18,"15,204"
2024-03-19,"14,248"
2024-03-20,"14,279"
2024-03-21,"14,499"
2024-03-22,"14,917"
2024-03-23,"16,785"
2024-03-24,"17,231"
2024-03-25,"15,883"
2024-03-26,"15,454"
2024-03-27,"15,287"
2024-03-28,"15,672"
2024-03-29,"17,652"
2024-03-30,"18,787"
2024-03-31,"20,127"
2024-04-01,"19,219"
2024-04-02,"17,723"
2024-04-03,"17,620"
2024-04-04,"18,135"
2024-04-05,"19,075"
2024-04-06,"20,140"
2024-04-07,"20,131"
2024-04-08,"18,975"
2024-04-09,"17,662"
2024-04-10,"18,375"
2024-04-11,"17,414"
2024-04-12,"19,094"
2024-04-13,"19,032"
2024-04-14,"20,190"
2024-04-15,"18,329"
2024-04-16,"16,856"
2024-04-17,"15,556"
2024-04-18,"15,894"
2024-04-19,"16,828"
2024-04-20,"18,727"
2024-04-21,"19,149"
2024-04-22,"18,114"
2024-04-23,"16,518"
2024-04-24,"17,047"
2024-04-25,"18,074"
2024-04-26,"17,877"
2024-04-27,"19,040"
2024-04-28,"20,152"
2024-04-29,"19,309"
2024-04-30,"18,654"
2024-05-01,"18,716"
2024-05-02,"18,296"
2024-05-03,"19,229"
2024-05-04,"20,097"
2024-05-05,"20,154"
2024-05-06,"19,640"
2024-05-07,"19,234"
2024-05-08,"19,103"
2024-05-09,"18,443"
2024-05-10,"18,676"
2024-05-11,"20,081"
2024-05-12,"20,036"
2024-05-13,"19,418"
2024-05-14,"18,176"
2024-05-15,"17,974"
2024-05-16,"18,016"
2024-05-17,"19,028"
2024-05-18,"20,472"
2024-05-19,"20,254"
2024-05-20,"19,590"
2024-05-21,"19,451"
2024-05-22,"20,023"
2024-05-23,"19,530"
2024-05-24,"19,872"
2024-05-25,"20,861"
2024-05-26,"21,093"
2024-05-27,"20,283"
2024-05-28,"19,932"
2024-05-29,"18,725"
2024-05-30,"19,928"
2024-05-31,"19,768"
